dateid01,copper,cotton,maize,sugar,wheat,wool,zinc
1957-01-01,731.93,31.79,64.56,5.8,70.55,271.49,284.4
1957-02-01,676.82,32.79,62.99,5.8,69.81,278.13,273.37
1957-03-01,659.18,32.44,61.41,6.2,69.81,281.63,266.76
1957-04-01,665.8,32.18,59.45,6.5,68.34,295.04,271.17
1957-05-01,654.77,32.1,57.08,6,65.77,304.81,235.89
1957-06-01,626.11,31.18,55.9,6.1,67.24,298.17,205.03
1957-07-01,599.66,30.9,53.93,5.3,62.46,281.63,207.23
1957-08-01,575.41,31.48,52.36,4.1,61.36,278.5,202.83
1957-09-01,533.52,31.4,51.57,4.6,61.73,274.99,200.62
1957-10-01,513.68,31.74,50.39,4,62.1,258.58,191.8
1957-11-01,518.09,32.34,50.39,3.6,64.67,241.67,185.19
1957-12-01,500.45,33.02,50.39,3.9,63.93,231.9,171.96
1958-01-01,471.79,33.38,50,3.7,65.04,222,171.96
1958-02-01,449.74,32.19,50,3.6,64.67,218.49,176.37
1958-03-01,469.58,31.38,48.82,3.4,67.24,202.08,176.37
1958-04-01,485.02,31.76,51.18,3.4,66.87,188.68,171.96
1958-05-01,493.83,31.61,50.39,3.5,67.24,192.18,169.76
1958-06-01,535.72,30.99,49.6,3.4,53.65,192.18,176.37
1958-07-01,551.16,29.55,50.39,3.5,51.44,188.68,176.37
1958-08-01,566.59,29.36,48.82,3.5,51.81,185.17,176.37
1958-09-01,577.61,28.54,47.24,3.5,55.48,182.04,178.57
1958-10-01,650.36,29.24,47.64,3.4,56.22,182.04,194.01
1958-11-01,670.2,27.91,50,3.4,57.32,185.54,207.23
1958-12-01,608.48,26.29,52.75,3.6,56.59,185.54,205.03
1959-01-01,634.93,26.28,52.36,3.3,57.32,185.54,207.23
1959-02-01,650.36,26.58,51.57,3.1,58.42,195.44,202.83
1959-03-01,685.64,26.95,51.18,3.1,59.89,195.44,207.23
1959-04-01,661.39,27.46,51.18,2.9,60.63,225.26,200.62
1959-05-01,650.36,27.85,51.18,2.9,58.42,228.77,213.85
1959-06-01,634.93,27.16,50.78,2.8,54.38,211.85,220.46
1959-07-01,608.48,26.2,51.18,2.7,55.12,228.77,222.67
1959-08-01,641.54,26.49,51.57,2.8,56.95,245.18,235.89
1959-09-01,634.93,26.81,49.21,3.1,57.69,238.54,238.1
1959-10-01,665.8,27.18,50,3.1,59.16,241.67,251.33
1959-11-01,690.05,27.46,49.6,3,59.52,241.67,262.35
1959-12-01,703.27,28.1,49.6,3,60.26,251.82,262.35
1960-01-01,714.3,27.86,50.39,3,59.89,252.57,260.15
1960-02-01,727.52,27.76,50,3,60.99,238.54,244.71
1960-03-01,698.86,28.03,50.78,3.1,61.73,242.05,249.12
1960-04-01,723.12,27.75,52.36,3,60.99,249.06,255.74
1960-05-01,683.43,28.01,51.97,3.1,57.69,245.55,253.53
1960-06-01,690.05,28.5,50,3,55.48,245.55,249.12
1960-07-01,701.07,28.61,50,3.3,54.75,228.01,249.12
1960-08-01,674.61,28.12,49.6,3.3,55.12,228.01,240.3
1960-09-01,645.95,28.43,50,3.2,56.59,217.49,240.3
1960-10-01,612.88,28.35,48.42,3.2,56.95,217.49,242.51
1960-11-01,623.91,28.38,45.67,3.2,57.69,228.01,242.51
1960-12-01,637.14,28.31,45.67,3.2,58.05,224.51,227.08
1961-01-01,621.7,28.44,46.45,3,58.79,221,218.26
1961-02-01,617.29,29.46,46.85,3,59.16,228.01,229.28
1961-03-01,621.7,29.31,45.27,3,58.05,228.01,233.69
1961-04-01,630.52,29.25,46.85,3.1,57.32,235.03,231.49
1961-05-01,668,29.52,47.24,3.4,55.85,245.55,227.08
1961-06-01,652.57,29.25,48.03,3.2,54.38,235.03,220.46
1961-07-01,632.73,29.12,49.6,3.1,56.59,217.49,213.85
1961-08-01,637.14,29.11,48.82,2.8,58.79,238.54,211.64
1961-09-01,632.73,29.33,48.82,2.7,59.89,224.51,202.83
1961-10-01,630.52,29.52,47.64,2.7,60.26,228.01,198.42
1961-11-01,632.73,28.95,48.42,2.5,61.73,224.51,191.8
1961-12-01,632.73,28.71,48.42,2.5,62.46,221,196.21
1962-01-01,634.93,28.8,48.03,2.3,60.63,221,194.01
1962-02-01,648.16,29.04,48.03,2.4,61.36,221,189.6
1962-03-01,648.16,29.05,48.82,2.6,61.73,221,191.8
1962-04-01,645.95,28.88,48.82,2.7,62.1,224.51,191.8
1962-05-01,645.95,28.76,49.6,2.6,63.57,221,189.6
1962-06-01,645.95,28.7,49.6,2.6,64.3,221,185.19
1962-07-01,645.95,28.54,48.82,2.9,65.4,213.98,182.98
1962-08-01,645.95,28.08,47.24,3.2,66.51,213.98,178.57
1962-09-01,645.95,27.6,47.64,3.2,65.77,213.98,176.37
1962-10-01,645.95,27.55,47.64,3.3,64.3,217.49,182.98
1962-11-01,645.95,27.88,48.42,3.6,68.71,224.51,189.6
1962-12-01,645.95,28.54,51.18,4.3,67.61,228.01,185.19
1963-01-01,645.95,29.85,52.75,5.4,67.24,245.55,187.39
1963-02-01,645.95,29.7,53.15,6.1,68.34,235.03,191.8
1963-03-01,645.95,29.06,52.36,6.6,69.45,242.05,198.42
1963-04-01,645.95,29.06,51.97,7.6,70.92,249.06,205.03
1963-05-01,645.95,28.98,52.36,10.4,67.61,252.57,209.44
1963-06-01,645.95,28.92,55.51,10,58.42,256.08,209.44
1963-07-01,645.95,28.91,56.69,9.1,57.69,256.08,205.03
1963-08-01,645.95,29.16,55.51,6.6,58.42,263.09,211.64
1963-09-01,645.95,29.48,55.9,7.6,60.63,263.09,211.64
1963-10-01,645.95,29.26,53.15,10.7,65.04,280.63,220.46
1963-11-01,645.95,29.19,52.36,11.6,65.04,305.19,231.49
1963-12-01,650.36,29.36,53.54,10.4,65.04,301.68,260.15
1964-01-01,654.77,29.76,55.12,10.6,65.04,305.19,264.55
1964-02-01,694.46,29.72,53.93,9.1,66.14,312.2,271.17
1964-03-01,745.16,29.7,54.33,7.4,66.87,308.7,277.78
1964-04-01,862.01,29.59,55.51,8.1,67.61,298.17,299.83
1964-05-01,828.94,29.76,55.9,7.1,69.45,277.12,343.92
1964-06-01,809.1,29.89,56.3,5.3,65.04,273.62,357.15
1964-07-01,855.39,29.42,55.9,4.8,68.71,273.62,385.81
1964-08-01,998.69,29.19,54.72,4.4,68.71,277.12,346.13
1964-09-01,1161.83,29.39,55.12,3.7,69.08,263.09,335.1
1964-10-01,1358.05,29.3,52.75,3.7,68.71,256.08,335.1
1964-11-01,1399.93,29.09,52.75,3.4,67.98,245.55,343.92
1964-12-01,1269.86,29.14,54.33,2.8,67.98,228.01,343.92
1965-01-01,998.69,29.14,55.51,2.4,66.14,227.26,324.08
1965-02-01,1175.06,29.36,56.3,2.2,61.36,227.26,321.87
1965-03-01,1234.59,29.32,57.08,2.6,60.99,217.11,317.47
1965-04-01,1234.59,29.45,57.48,2.4,59.89,231.15,317.47
1965-05-01,1375.68,29.5,58.26,2.4,59.16,231.15,324.08
1965-06-01,1307.34,28.53,57.48,2,58.05,224.13,315.26
1965-07-01,1130.97,28.8,56.3,1.9,57.32,240.67,310.85
1965-08-01,1208.13,28.63,54.72,1.8,57.69,246.56,304.24
1965-09-01,1324.98,28.62,53.15,1.9,58.42,237.54,299.83
1965-10-01,1399.93,28.33,51.18,2,58.05,244.55,308.65
1965-11-01,1466.07,28.25,51.18,1.8,58.05,244.55,299.83
1965-12-01,1516.78,28.1,54.33,2,58.42,235.03,304.24
1966-01-01,1677.72,28.1,56.69,2.4,58.42,235.03,302.03
1966-02-01,1871.72,28.1,56.69,2.2,58.79,235.03,299.83
1966-03-01,1871.72,28.85,55.9,2.2,58.79,244.55,302.03
1966-04-01,1904.79,28.05,55.51,2.1,58.79,247.31,277.78
1966-05-01,1662.28,28.25,55.9,2.1,58.79,247.31,271.17
1966-06-01,1693.15,28.04,56.3,1.8,62.1,246.56,271.17
1966-07-01,1565.28,27.9,58.66,1.8,65.4,246.56,264.55
1966-08-01,1194.9,28.1,62.2,1.7,67.61,236.78,264.55
1966-09-01,1135.38,27.54,60.63,1.6,67.24,227.26,271.17
1966-10-01,1258.84,28.65,57.87,1.6,66.14,231.9,275.58
1966-11-01,1291.91,28.64,58.66,1.5,65.77,220.25,288.81
1966-12-01,1210.34,28.64,61.02,1.4,67.61,214.36,286.6
1967-01-01,1241.2,29.25,59.84,1.4,67.24,211.23,279.99
1967-02-01,1183.88,29.92,59.05,1.7,67.98,213.98,282.19
1967-03-01,1093.49,30.1,59.05,1.6,69.81,214.36,279.99
1967-04-01,985.47,30,57.48,2.1,68.34,214.98,273.37
1967-05-01,1027.35,30,57.08,2.6,68.34,211.23,275.58
1967-06-01,1003.1,30.24,57.08,2.5,66.51,211.23,273.37
1967-07-01,1031.76,30.3,54.72,1.9,64.67,190.8,266.76
1967-08-01,1042.79,30.73,51.57,1.7,63.93,194.31,268.96
1967-09-01,1060.42,31.34,48.82,1.8,63.2,190.18,264.55
1967-10-01,1139.79,31.86,47.64,2.2,63.57,164.87,264.55
1967-11-01,1344.82,32,47.64,2.3,62.83,146.33,268.96
1967-12-01,1324.98,32.5,50,2.2,62.1,147.08,266.76
1968-01-01,1408.75,33.1,51.18,2.2,62.1,136.56,262.35
1968-02-01,1701.97,32.42,50.78,2.2,62.83,139.19,260.15
1968-03-01,1701.97,31.84,49.21,1.9,63.57,153.09,257.94
1968-04-01,1245.61,31.26,47.64,1.8,61.73,149.71,257.94
1968-05-01,1089.08,30.9,48.03,2,60.26,152.47,260.15
1968-06-01,1133.17,30.68,47.64,1.8,61.73,157.86,262.35
1968-07-01,1053.81,30.56,46.85,1.7,63.57,157.86,266.76
1968-08-01,1053.81,30.61,44.09,1.7,63.93,152.47,268.96
1968-09-01,1108.92,30.05,43.7,1.5,63.57,169.01,262.35
1968-10-01,1078.06,29.91,44.49,1.9,63.57,182.79,262.35
1968-11-01,1097.9,29.18,48.82,2.4,63.2,180.41,264.55
1968-12-01,1181.68,28.55,47.64,2.8,63.2,169.01,268.96
1969-01-01,1256.63,28.19,50,3,63.2,169.01,268.96
1969-02-01,1280.88,27.78,50,3.2,62.83,166.25,266.76
1969-03-01,1276.48,27.83,50,3.7,62.1,166.25,271.17
1969-04-01,1386.71,28.31,51.57,3.8,62.1,172.26,273.37
1969-05-01,1388.91,28.64,53.54,3.8,62.1,171.64,277.78
1969-06-01,1481.5,28.19,53.93,4,61.73,169.01,282.19
1969-07-01,1446.23,27.74,53.54,3.7,60.26,169.01,284.4
1969-08-01,1604.96,27.11,53.15,3.3,56.22,165.62,293.21
1969-09-01,1578.51,26.99,50.78,3.1,53.65,165.62,299.83
1969-10-01,1554.26,27.15,51.97,3.1,52.18,157.86,299.83
1969-11-01,1627.01,27.75,52.75,3.1,52.18,149.71,308.65
1969-12-01,1695.35,28.25,52.36,2.9,52.18,149.71,310.85
1970-01-01,1622.6,28.2,53.15,3.1,52.18,153.09,302.03
1970-02-01,1653.47,28.1,53.93,3.2,52.18,150.34,297.62
1970-03-01,1748.26,28.19,52.75,3.4,52.18,155.73,295.42
1970-04-01,1739.45,28.38,53.93,3.6,52.18,159.11,293.21
1970-05-01,1593.94,28.5,55.9,3.8,52.18,159.11,291.01
1970-06-01,1455.05,28.5,57.48,3.8,52.18,158.48,293.21
1970-07-01,1362.46,28.58,59.05,3.9,52.54,157.86,297.62
1970-08-01,1256.63,28.84,62.6,3.9,54.01,149.09,299.83
1970-09-01,1245.61,29.33,64.17,3.9,56.22,140.44,299.83
1970-10-01,1137.58,29.66,60.63,4,58.79,138.06,297.62
1970-11-01,1084.67,30.2,61.02,4.4,60.99,146.45,293.21
1970-12-01,1042.79,30.66,64.56,4.1,63.2,140.44,288.81
1971-01-01,1009.72,30.9,66.14,4.5,63.57,142.57,284.4
1971-02-01,1018.53,31.15,65.74,4.8,63.57,142.57,271.17
1971-03-01,1144.2,31.26,64.56,4.7,62.83,151.84,284.4
1971-04-01,1250.02,31.41,62.99,4.5,62.46,154.6,282.19
1971-05-01,1113.33,32.65,62.6,4.4,63.2,157.86,288.81
1971-06-01,1073.65,33.33,65.74,4.2,61.36,157.86,308.65
1971-07-01,1113.33,33.71,61.02,4.2,61.36,157.86,317.47
1971-08-01,1089.08,35.33,54.33,4.4,60.99,154.6,324.08
1971-09-01,1053.81,35.92,49.6,4,60.99,148.84,313.06
1971-10-01,1040.58,36.43,46.06,4.2,60.26,146.71,337.31
1971-11-01,1011.92,36.6,48.82,4.2,60.26,156.1,343.92
1971-12-01,1049.4,37.91,51.97,6.2,59.89,158.23,363.76
1972-01-01,1091.29,39.86,51.18,8.3,59.89,181.03,385.81
1972-02-01,1115.54,39.91,51.57,8.6,59.89,201.33,390.22
1972-03-01,1155.22,38.95,52.36,8.8,59.89,214.48,394.63
1972-04-01,1130.97,37.89,53.54,7.5,60.26,219.12,394.63
1972-05-01,1104.51,37.13,53.93,7,60.26,225.76,385.81
1972-06-01,1060.42,35.71,52.75,6.6,59.89,219.12,374.79
1972-07-01,1031.76,34.01,53.93,5.6,60.26,224,363.76
1972-08-01,1047.19,32.86,55.51,6.5,62.1,257.83,361.56
1972-09-01,1058.22,31.83,59.05,7,76.06,312.2,368.17
1972-10-01,1027.35,32.83,57.08,7.5,87.45,371.34,363.76
1972-11-01,1005.31,35.99,59.45,7.3,88.92,333.25,376.99
1972-12-01,1022.94,38.15,68.5,9.1,102.88,374.84,374.79
1973-01-01,1119.95,39.36,78.34,9.4,108.39,436.61,388.01
1973-02-01,1243.41,40.36,81.1,9,98.84,440.99,421.08
1973-03-01,1505.76,42.62,79.92,8.9,98.47,512.4,473.99
1973-04-01,1585.12,45.23,76.77,9.1,101.05,429.34,511.47
1973-05-01,1552.05,49.19,86.61,9.7,102.15,412.18,548.95
1973-06-01,1741.65,52.38,101.18,9.8,108.39,451.77,654.77
1973-07-01,2019.43,63.28,109.44,9.8,114.64,445.88,846.57
1973-08-01,2083.37,75.84,122.44,9.1,192.54,489.73,912.71
1973-09-01,1933.45,86.31,107.08,9,189.6,482.21,983.26
1973-10-01,2056.91,87.1,106.29,9.6,182.25,468.18,1166.24
1973-11-01,2259.74,79.51,107.87,10.2,181.88,431.22,1567.48
1973-12-01,2217.85,83.86,112.59,11.8,199.52,472.69,1620.4
1974-01-01,2028.25,89.02,122.44,15.3,213.48,429.34,1324.98
1974-02-01,2283.99,83.9,131.1,21.3,220.46,424.71,1494.73
1974-03-01,2733.73,74.9,126.37,21.3,190.7,426.84,1627.01
1974-04-01,3029.15,70.2,114.17,22,162.04,418.82,1759.29
1974-05-01,2861.6,65.55,114.17,23.7,141.46,390,1774.72
1974-06-01,2429.49,62.2,116.53,23.6,155.79,386.25,1402.14
1974-07-01,1926.84,62.01,132.28,25.4,169.02,385.99,1104.51
1974-08-01,1805.58,61.4,145.66,31.5,167.55,311.58,1064.83
1974-09-01,1461.66,58.93,141.33,34.4,170.49,301.8,910.51
1974-10-01,1395.52,54.84,151.57,39.5,192.17,274.62,822.32
1974-11-01,1415.37,50.6,144.09,56.6,187.39,268.35,793.66
1974-12-01,1294.11,48,148.81,44.7,185.92,268.35,771.62
1975-01-01,1210.34,46.65,131.88,38.4,164.24,269.36,798.07
1975-02-01,1269.86,46.93,120.47,33.9,153.22,272.86,793.66
1975-03-01,1342.61,48.43,120.07,26.6,147.34,284.64,804.69
1975-04-01,1329.39,52,118.5,24.1,140.36,299.93,780.44
1975-05-01,1256.63,54.29,114.56,17.5,131.54,308.32,745.16
1975-06-01,1192.7,54.15,119.29,14,127.13,297.29,747.37
1975-07-01,1227.97,54.05,119.68,17,145.14,284.64,709.89
1975-08-01,1283.09,55.46,131.49,19,162.77,286.02,740.75
1975-09-01,1214.75,55.34,122.44,15.4,165.71,274.37,727.52
1975-10-01,1181.68,55.73,116.92,14.1,161.67,296.17,707.68
1975-11-01,1179.47,55.19,110.23,13.4,146.97,318.47,707.68
1975-12-01,1153.02,58.81,109.05,13.3,142.57,331.75,685.64
1976-01-01,1194.9,65.39,110.23,14.02,143.67,350.66,692.25
1976-02-01,1221.36,65.86,113.38,13.5,152.85,352.92,690.05
1976-03-01,1331.59,66.21,112.99,14.79,152.49,370.46,729.73
1976-04-01,1514.57,66.47,111.02,14.05,145.5,384.37,793.66
1976-05-01,1512.37,70.41,118.1,14.54,141.83,383.24,776.03
1976-06-01,1541.03,79.78,121.65,12.99,146.24,382.24,751.78
1976-07-01,1649.06,88.32,121.25,13.21,142.2,387.12,776.03
1976-08-01,1541.03,84.94,115.74,10.02,126.4,408.67,740.75
1976-09-01,1463.87,83.7,114.96,8.13,119.78,431.47,714.3
1976-10-01,1296.32,85.3,106.29,8.03,111.33,466.43,639.34
1976-11-01,1278.68,86.52,98.42,7.88,106.56,453.02,604.07
1976-12-01,1291.91,83.97,103.14,7.55,106.19,447.51,641.54
1977-01-01,1397.73,78.72,111.41,8.34,108.76,461.54,692.25
1977-02-01,1428.59,83.8,110.62,8.59,110.6,445.63,703.27
1977-03-01,1514.57,86.39,107.48,8.98,106.92,440.99,718.71
1977-04-01,1430.8,85.31,105.9,10.04,102.15,430.72,654.77
1977-05-01,1371.27,81.21,100.78,8.95,94.8,411.18,610.68
1977-06-01,1309.54,73.38,94.48,7.87,92.96,411.43,540.13
1977-07-01,1245.61,67.5,85.04,7.39,96.64,412.05,542.34
1977-08-01,1164.04,62.69,77.16,7.61,95.53,412.05,520.29
1977-09-01,1199.31,59.96,78.74,7.31,99.94,412.8,518.09
1977-10-01,1211.66,59.59,83.46,7.09,103.98,430.34,511.47
1977-11-01,1187.85,57.89,93.3,7.07,111.7,419.44,524.7
1977-12-01,1254.87,59.46,96.06,8.09,114.64,401.78,537.93
1978-01-01,1261.26,64.06,95.66,8.77,114.27,392.51,518.09
1978-02-01,1219.15,66.38,101.18,8.48,115.74,403.41,476.2
1978-03-01,1258.84,68.45,106.29,7.74,124.19,399.27,509.27
1978-04-01,1285.29,69.26,111.41,7.59,130.81,415.06,553.36
1978-05-01,1305.14,70.71,112.59,7.33,124.56,423.45,559.97
1978-06-01,1331.59,71.36,106.69,7.23,126.4,432.35,577.61
1978-07-01,1336,70.65,97.24,6.43,127.13,462.17,584.22
1978-08-01,1426.39,72.81,92.12,7.08,127.5,445.25,619.28
1978-09-01,1444.47,74.24,90.94,8.17,130.81,458.66,634.93
1978-10-01,1505.76,76.85,96.06,8.96,137.42,475.07,714.3
1978-11-01,1474.89,79.08,100.39,8.01,137.79,457.53,688.72
1978-12-01,1532.21,79.54,98.42,8,136.32,457.15,685.64
1979-01-01,1657.87,77,105.51,7.57,137.79,459.66,718.71
1979-02-01,1812.2,76.1,107.08,8.23,140.36,487.1,791.46
1979-03-01,2048.09,75.27,109.44,8.46,139.99,530.95,793.66
1979-04-01,2098.8,73.55,111.41,7.82,139.99,514.28,787.05
1979-05-01,1924.63,75.21,112.59,7.85,143.3,507.64,778.23
1979-06-01,1876.13,76.18,120.47,8.14,167.92,555,751.78
1979-07-01,1812.2,76.83,131.1,8.52,174.53,529.44,720.69
1979-08-01,1975.34,77.46,118.89,8.85,169.02,535.58,669.98
1979-09-01,2094.39,77.92,118.1,9.9,174.16,547.73,723.12
1979-10-01,2074.55,77.98,120.07,11.91,178.21,578.3,705.48
1979-11-01,2088.88,79.96,116.53,13.68,178.21,560.26,701.07
1979-12-01,2213,82.22,115.74,14.93,180.04,542.85,749.13
1980-01-01,2592.63,88.72,105.51,17.3,175.63,553.12,773.82
1980-02-01,2916.71,97.21,114.17,22.75,172.7,568.15,868.62
1980-03-01,2303.83,93.53,109.84,19.63,163.51,552.75,740.75
1980-04-01,2074.55,90.56,108.26,21.25,156.53,510.65,707.68
1980-05-01,2076.75,88.4,109.84,30.94,161.3,524.93,701.07
1980-06-01,2006.2,84.14,113.38,30.8,157.63,532.95,676.82
1980-07-01,2175.96,88.87,130.7,27.7,168.65,540.84,712.09
1980-08-01,2081.16,96.37,143.3,31.77,171.23,540.22,767.21
1980-09-01,2059.11,101.12,140.94,34.74,179.68,553.75,795.87
1980-10-01,2045.89,98.69,140.54,40.55,188.13,529.69,804.69
1980-11-01,2010.61,98.03,146.84,37.81,195.11,525.93,800.28
1980-12-01,1878.34,99.16,145.27,28.79,182.62,528.19,782.64
1981-01-01,1876.13,99.51,151.96,27.78,189.6,527.31,776.03
1981-02-01,1803.38,95.85,143.3,24.09,181.51,512.03,731.93
1981-03-01,1816.61,91.72,142.12,21.81,175.27,502.76,756.18
1981-04-01,1823.22,88.65,144.48,17.83,180.41,496.62,824.53
1981-05-01,1746.06,87.51,140.94,15.08,171.59,492.23,850.98
1981-06-01,1699.76,86.36,136.21,16.38,168.65,495.12,839.96
1981-07-01,1682.12,85.27,137.79,16.34,167.92,469.93,864.21
1981-08-01,1787.95,80.72,127.16,14.76,170.12,492.36,954.6
1981-09-01,1706.38,77.24,115.74,11.65,171.23,497.87,936.96
1981-10-01,1664.49,75,111.41,12.04,168.65,480.21,890.67
1981-11-01,1651.26,72.01,110.62,11.97,178.57,462.29,875.23
1981-12-01,1655.67,67.75,105.51,12.98,176,456.03,848.78
1982-01-01,1613.78,69.97,113.38,12.9,173.06,456.22,820.12
1982-02-01,1596.14,69.98,112.59,13.08,170.86,460.41,824.53
1982-03-01,1512.37,70.44,114.17,11.26,168.65,466.59,791.46
1982-04-01,1521.19,71.15,116.14,9.58,169.76,441.37,740.75
1982-05-01,1530.01,76.69,116.53,8.11,167.55,455.31,749.57
1982-06-01,1309.54,75.64,114.96,6.84,155.79,426.96,692.25
1982-07-01,1439.62,78.47,111.41,7.8,151.75,419.7,723.12
1982-08-01,1450.64,76.4,101.18,6.77,152.49,419.7,714.3
1982-09-01,1424.18,72.82,97.63,5.77,152.85,416.44,749.57
1982-10-01,1463.87,70.21,90.94,5.93,146.61,404.04,751.78
1982-11-01,1444.03,69.04,102.75,6.52,155.06,388.63,709.89
1982-12-01,1474.89,69.26,105.51,6.31,159.83,397.65,670.2
1983-01-01,1574.1,71.88,108.26,6.03,164.98,390.38,698.86
1983-02-01,1649.06,74.32,117.32,6.43,164.24,378.1,681.23
1983-03-01,1598.35,79.11,125.19,6.2,166.08,384.87,679.02
1983-04-01,1675.51,80.22,133.46,6.71,167.18,419.19,696.66
1983-05-01,1765.9,81.96,133.85,9.24,160.2,427.96,736.34
1983-06-01,1701.97,86.01,135.03,10.74,151.75,413.81,718.71
1983-07-01,1704.17,88.44,140.54,10.53,147.34,408.04,740.75
1983-08-01,1640.24,90.8,152.75,10.56,152.49,410.3,809.1
1983-09-01,1560.87,89.85,147.63,9.43,156.53,405.66,837.76
1983-10-01,1435.21,88.11,148.02,9.69,152.85,400.9,857.6
1983-11-01,1388.91,89.12,146.84,8.33,151.75,387,859.8
1983-12-01,1415.37,89.36,142.91,7.69,153.59,388.25,857.6
1984-01-01,1375.68,87.8,142.12,6.97,152.85,390,956.81
1984-02-01,1428.59,87.44,137,6.63,150.65,416.44,998.69
1984-03-01,1501.35,88.43,146.06,6.43,153.96,436.11,1040.58
1984-04-01,1532.21,88.99,148.02,6,157.26,428.79,1003.1
1984-05-01,1419.78,88.88,146.06,5.61,153.96,424.16,1000.9
1984-06-01,1364.66,83.73,146.84,5.52,149.91,409.12,941.37
1984-07-01,1331.59,78.99,142.51,4.54,146.97,392.01,853.19
1984-08-01,1338.2,75.52,138.58,4.05,152.49,388.37,833.35
1984-09-01,1294.11,73.16,130.31,4.1,155.06,373.97,873.03
1984-10-01,1272.07,73.62,121.25,4.65,152.85,358.93,844.37
1984-11-01,1344.82,72.67,117.32,4.38,152.49,371.96,857.6
1984-12-01,1320.57,71.99,113.77,3.55,149.55,353.92,859.8
1985-01-01,1358.05,71.4,119.68,3.61,149.18,364.95,866.42
1985-02-01,1388.91,68.67,119.68,3.69,147.34,340.52,886.26
1985-03-01,1389.35,67.21,120.47,3.83,145.14,353.67,921.53
1985-04-01,1501.35,66.26,120.07,3.42,143.67,361.19,930.35
1985-05-01,1530.01,65.07,116.92,2.82,136.32,364.7,879.64
1985-06-01,1433,63,116.14,2.78,134.11,359.43,809.1
1985-07-01,1474.89,61.1,114.96,3.18,128.6,371.21,767.21
1985-08-01,1419.78,57,105.51,4.39,123.09,385.24,734.14
1985-09-01,1366.86,54.2,101.96,5.12,125.3,389.63,690.05
1985-10-01,1384.5,48.84,97.63,5.01,127.5,433.23,632.73
1985-11-01,1369.07,48.12,106.29,5.48,132.64,407.79,597.45
1985-12-01,1391.12,48.19,108.66,5.32,137.05,400.9,685.64
1986-01-01,1417.57,51.82,107.08,4.84,132.28,385.87,643.75
1986-02-01,1404.34,54.51,104.33,5.56,129.71,406.67,608.48
1986-03-01,1444.03,52.24,100.78,7.04,134.48,406.04,626.11
1986-04-01,1433,48.5,101.57,8.33,132.64,418.19,659.18
1986-05-01,1417.57,45.42,105.51,7.67,119.42,429.22,707.68
1986-06-01,1413.16,41.03,104.72,6.34,105.82,420.95,804.69
1986-07-01,1344.82,37.44,83.46,5.55,101.78,402.78,806.89
1986-08-01,1302.93,37.03,75.19,5.57,102.15,391.01,815.71
1986-09-01,1309.54,43.5,66.14,4.68,103.62,416.94,870.82
1986-10-01,1316.16,51.23,65.35,5.39,104.72,397.14,886.26
1986-11-01,1302.93,52.81,69.29,5.95,105.09,406.67,820.12
1986-12-01,1331.59,59.71,70.08,5.7,107.29,419.44,798.07
1987-01-01,1344.82,65.68,68.11,6.48,109.13,422.2,758.39
1987-02-01,1380.09,65.85,66.93,7.39,112.07,435.98,740.75
1987-03-01,1463.87,63.09,71.65,7.56,115.38,470.81,731.93
1987-04-01,1483.71,65.85,74.41,6.68,113.17,504.51,760.59
1987-05-01,1518.98,76.9,80.7,6.71,119.05,497.25,837.76
1987-06-01,1571.89,79.3,80.31,6.44,108.76,508.52,877.44
1987-07-01,1693.15,83.24,76.37,6.1,104.72,522.43,828.94
1987-08-01,1754.88,86.6,71.26,5.62,106.92,551.62,802.48
1987-09-01,1809.99,83.61,72.83,5.82,112.07,537.59,756.18
1987-10-01,1966.52,76.19,78.74,6.65,113.91,559.76,769.41
1987-11-01,2519.88,75.83,81.89,7.33,115.01,558.26,846.57
1987-12-01,2866.01,75.08,83.07,8.3,124.56,563.27,866.42
1988-01-01,2660.98,72.19,86.61,9.67,128.6,558.01,877.44
1988-02-01,2328.08,67.49,87.4,8.43,131.54,563.27,875.23
1988-03-01,2358.94,66.34,90.55,8.52,124.93,564.15,981.06
1988-04-01,2283.99,65.75,89.76,8.54,126.77,582.81,1069.24
1988-05-01,2442.72,65.58,90.15,8.9,128.97,592.96,1175.06
1988-06-01,2539.72,68.78,120.07,10.57,149.91,602.73,1364.66
1988-07-01,2213.44,63.43,126.77,14.02,149.55,581.06,1236.79
1988-08-01,2200.21,58.41,118.89,11.18,149.91,595.47,1307.34
1988-09-01,2433.9,56.74,121.25,10.16,159.47,605.36,1329.39
1988-10-01,2936.55,57.64,121.25,10.28,162.04,615.39,1518.98
1988-11-01,3302.52,58.61,113.38,10.84,163.88,602.48,1556.46
1988-12-01,3496.53,61.26,117.32,11.22,166.82,565.65,1591.74
1989-01-01,3392.91,63.13,118.5,9.8,173.8,565.65,1732.83
1989-02-01,3095.29,62.96,117.58,10.54,172.06,566.9,1929.5
1989-03-01,3262.84,66.02,118.89,11.5,178.21,558.63,1959.91
1989-04-01,3117.33,73.75,115.35,12.16,174.53,547.48,1654.4
1989-05-01,2738.14,77.34,117.32,11.98,176.37,543.72,1627
1989-06-01,2544.13,78.86,113.38,12.61,168.65,517.42,1537
1989-07-01,2503.79,83.01,107.48,14.01,166.82,526.31,1614
1989-08-01,2760.18,82.97,101.18,14.05,164.24,512.4,1726
1989-09-01,2883.64,81.45,103.14,14.13,163.51,496.12,1626
1989-10-01,2859.39,82.1,106.29,14.44,164.61,503.63,1583
1989-11-01,2590.43,82.13,108.66,15.02,163.51,501.13,1435
1989-12-01,2418.47,77.62,108.66,13.43,164.61,499.88,1450
1990-01-01,2365.56,75.2,105.9,14.2,167.92,501.13,1294
1990-02-01,2358.94,75.96,106.29,14.65,160.94,494.86,1394
1990-03-01,2625.7,78.9,109.84,15.31,156.53,488.6,1666
1990-04-01,2685.23,82.87,118.5,15.24,159.47,482.34,1686
1990-05-01,2740.34,85.6,121.25,14.62,149.18,447.26,1775
1990-06-01,2583.81,90.18,120.07,12.97,135.58,440.99,1715
1990-07-01,2769,91.79,114.96,12,124.93,418.44,1637
1990-08-01,2956.4,81.28,109.84,10.93,116.84,418.44,1615
1990-09-01,3040.17,81.28,102.36,11.02,114.27,412.18,1537
1990-10-01,2742.55,81.36,100,9.39,114.64,394.64,1353
1990-11-01,2583.81,82.43,100,10.06,112.8,334.5,1278
1990-12-01,2484.61,83.86,102.36,9.74,113.17,328.24,1265
1991-01-01,2447.13,83.71,105.51,8.8,111.33,319.47,1206
1991-02-01,2447.13,84.88,106.29,8.51,113.91,323.23,1188
1991-03-01,2409.65,84.23,109.05,9.14,119.42,328.24,1199
1991-04-01,2471.38,83.43,110.23,8.51,120.89,365.82,1254
1991-05-01,2340.42,84.17,105.74,7.59,122.04,371.88,1127.74
1991-06-01,2218.07,83.84,105.11,9.2,120.15,340.6,1067.45
1991-07-01,2231.26,81.02,105.73,10.32,118.21,337.48,1063.41
1991-08-01,2236.19,73.47,110.12,9.59,125.33,337.22,1047.74
1991-09-01,2318.58,70.33,108.85,9.3,135.37,313.96,1025.6
1991-10-01,2360.65,67.94,109.52,9.13,146.89,308.39,991.65
1991-11-01,2375.66,64.1,106.8,8.63,149.54,307.57,1100.65
1991-12-01,2205.92,61.76,106.72,9,160.84,295.4,1185.08
1992-01-01,2150.58,59.62,109.59,8.42,169.95,297.04,1157.66
1992-02-01,2208.89,56.3,113.92,7.84,177.13,341.89,1135.48
1992-03-01,2231.79,55.33,116.68,8.25,169.35,341.18,1217.77
1992-04-01,2214.17,57.99,109.06,9.46,159.93,352.12,1304.95
1992-05-01,2219.32,60.59,109.18,9.61,149.69,367.36,1377.74
1992-06-01,2296.44,63.89,110.2,10.35,148.67,364.88,1385.41
1992-07-01,2527.29,65.29,102.39,10.31,136.32,363.09,1320.41
1992-08-01,2513.47,59.75,97.54,9.86,128.17,351.25,1363.4
1992-09-01,2419.61,56.65,98.22,9.31,138.74,349.29,1367.12
1992-10-01,2262.46,53.12,94.56,8.71,140.58,335.47,1158.36
1992-11-01,2161.79,52.69,95.17,8.56,147.57,320.1,1052.24
1992-12-01,2211.95,54,94.04,8.15,147.83,310.7,1061.48
1993-01-01,2264.21,57.29,94.1,8.24,155.65,312.39,1067.57
1993-02-01,2212.18,60.55,94.25,8.56,148.88,309.68,1073.63
1993-03-01,2152.38,61.45,97.54,10.62,147.9,309.67,996.76
1993-04-01,1953.62,61.07,100.49,11.15,141.99,328.92,1006
1993-05-01,1799.35,60.17,99.22,11.83,136.58,337.01,979.26
1993-06-01,1857.87,58.48,92.73,10.4,121.82,327.79,928.23
1993-07-01,1927.34,57.99,101.89,9.68,127.52,324.38,930.07
1993-08-01,1951.07,55.5,100.31,9.34,129.8,313.93,886.83
1993-09-01,1858.25,55.16,101.03,9.54,131.29,310.83,875.73
1993-10-01,1647,54.91,105.77,10.29,135.96,316.62,918.57
1993-11-01,1632.57,54.91,115.93,10.07,146.5,325.5,929.39
1993-12-01,1723.63,58.74,121.23,10.52,158.65,320.03,975.53
1994-01-01,1807.07,67.94,126.72,10.3,153.21,320.1,998.6
1994-02-01,1865.08,79.97,123.65,10.82,147.04,338.13,969.75
1994-03-01,1913.17,81.77,120.11,11.73,141.04,379.25,937.61
1994-04-01,1881.37,83.25,113.42,11.01,140.45,376.82,924.34
1994-05-01,2144.5,86.04,110.6,11.58,140.15,398.37,956.71
1994-06-01,2363.09,86.2,112.08,12.05,139.3,394.46,966
1994-07-01,2447.24,82.02,98.73,11.77,137.6,411.95,962.64
1994-08-01,2409.75,76.94,96.16,12.09,146.02,425.91,946.91
1994-09-01,2504.84,75.29,97.61,12.59,158.79,444.48,993.55
1994-10-01,2546.02,73.88,96.11,12.76,167.19,433.45,1059.55
1994-11-01,2803.55,76.91,95.61,13.93,161.99,446.07,1150.27
1994-12-01,2980.7,86.38,102.56,14.67,164.62,426.04,1112.75
1995-01-01,3003.26,94.78,106.9,14.8,156.21,447.06,1154.81
1995-02-01,2870.45,99.96,106.98,14.41,154.42,467.94,1030.68
1995-03-01,2919.67,110.47,109.63,14.59,150.39,516.73,1021.7
1995-04-01,2894.89,113.22,109.64,13.61,148.98,520.27,1059.14
1995-05-01,2771.57,115.85,111.93,13.52,158.61,516.49,1036.62
1995-06-01,2987.68,104.36,120.01,14.02,169.98,519.41,1007.77
1995-07-01,3076.45,95.98,127.31,13.59,190.09,537.66,1028.06
1995-08-01,3040.14,84.65,126.3,12.98,184.39,547.44,1015.48
1995-09-01,2910.43,91.1,130.51,11.69,193.67,507.04,988.03
1995-10-01,2810.07,91.53,140.82,11.84,203.79,495.99,980.43
1995-11-01,2981.62,89.29,143.21,11.98,204.07,436.58,1033.19
1995-12-01,2918.21,88.43,148.19,12.31,208.92,453.11,1017.16
1996-01-01,2605,85.91,156.67,12.53,206.88,456.77,1019.69
1996-02-01,2544.67,86.79,164.71,12.82,218.89,450.38,1035.83
1996-03-01,2563.35,83.23,170.96,12.9,215.52,439.18,1063.25
1996-04-01,2594.17,83,189.03,11.98,251.66,416.56,1043.95
1996-05-01,2658.76,82.89,204,11.38,262.11,440.06,1036.55
1996-06-01,2177.6,83.13,196.64,12.17,227.27,447.61,1009.4
1996-07-01,1983.93,79.84,197.62,12.81,202.6,420.32,1000.52
1996-08-01,2017.86,76.71,186.82,12.37,191.63,417.67,1007.95
1996-09-01,1935.07,75.36,145.24,11.92,178.71,404.38,998.98
1996-10-01,1960.2,75.43,128.61,11.12,178.32,416.41,1002.72
1996-11-01,2215.43,75.91,117.14,10.72,176.41,419.48,1044.31
1996-12-01,2264.6,78.29,116.84,10.74,175.7,417.72,1036.55
1997-01-01,2427.27,79.77,118.7,10.69,175.73,408.62,1086.14
1997-02-01,2406.63,80.4,121.75,10.81,172.35,442.94,1178.16
1997-03-01,2420.18,80.63,127.86,11.14,176.61,425.82,1254.34
1997-04-01,2389.32,78.82,124.71,11.3,183.49,451.19,1240.02
1997-05-01,2513.3,79.26,118.61,11.13,172.59,467.49,1310.13
1997-06-01,2611.29,80.51,112.58,11.43,148.39,478.76,1354.98
1997-07-01,2449.2,81.18,106.42,11.57,138.31,478.56,1517.02
1997-08-01,2250.1,81.21,111.95,11.7,150.61,427.63,1650.63
1997-09-01,2104.31,79.64,112.24,11.33,151.74,448.81,1638.29
1997-10-01,2050.7,77.75,120.24,11.38,151.66,435.41,1276.67
1997-11-01,1918.5,77.22,117.4,12.01,149.88,434.67,1171.15
1997-12-01,1761.45,74.35,113.6,12.33,144.62,413.62,1101.26
1998-01-01,1687.6,72.14,114.37,11.52,137.1,399.02,1096.25
1998-02-01,1664,68.84,113.62,10.72,140.05,406.64,1043.2
1998-03-01,1747.16,68.43,113.84,9.84,138.92,384.83,1046.75
1998-04-01,1800.13,65.7,106.69,9.68,130.15,379.81,1096.18
1998-05-01,1731.66,64.36,105.97,9.23,128.92,355.7,1060.37
1998-06-01,1656.6,68.94,101.75,8.1,120.64,348.24,1007.6
1998-07-01,1655.67,69.86,100.9,8.62,118.54,308.83,1043.5
1998-08-01,1619.93,68.18,88.36,8.48,107.95,296.93,1029.05
1998-09-01,1646.77,66.39,85.71,7.23,107.93,280.11,999.64
1998-10-01,1585.5,61.46,95.49,7.46,126.54,286.85,941.36
1998-11-01,1573.72,56.08,97.38,8.06,130.21,294.93,965.95
1998-12-01,1475.76,56,95.32,8.08,126.21,294.77,961.58
1999-01-01,1432,55.78,97.45,8.11,125.29,299.37,931.75
1999-02-01,1412.95,56.19,94.56,6.82,117.03,287.1,1017.6
1999-03-01,1378.48,56.71,96.43,6.03,117.34,297.46,1028.8
1999-04-01,1463.73,57.74,94.04,5.42,113.87,298.88,1018.18
1999-05-01,1510.45,59.9,92.72,5.75,113,288.74,1039.92
1999-06-01,1422.16,58.5,92.95,6.04,111.41,288.32,999.91
1999-07-01,1639.18,54.41,83.6,5.38,103.02,286.32,1071.23
1999-08-01,1646.74,50.98,86.38,5.72,111.41,254.34,1129.69
1999-09-01,1749.68,49.48,87.12,6.67,113.19,247.09,1192.93
1999-10-01,1723.29,47.43,85.65,6.75,108.1,247.29,1147.98
1999-11-01,1726.77,46.21,85.41,6.51,108.8,255.49,1146.39
1999-12-01,1764.88,44.2,87.22,5.98,102.16,267.26,1185.24
2000-01-01,1843.85,47.43,92.95,5.63,105.83,276.44,1178.58
2000-02-01,1807.03,53.44,95.08,5.35,108.41,260.07,1098.25
2000-03-01,1739.8,57.3,95.17,5.11,105.7,267.1,1113
2000-04-01,1681.91,58.77,95.54,6.01,105.11,273.81,1132.52
2000-05-01,1785.1,60.5,95.53,6.78,110.78,290.37,1154.07
2000-06-01,1752.07,59.47,84.04,8.33,113.51,293.98,1116.19
2000-07-01,1803.14,58.39,75.06,9.64,108.98,302.36,1135.91
2000-08-01,1857.12,60.89,75.24,10.6,108.28,289.92,1172.55
2000-09-01,1961.89,61.64,80.15,9.86,117.49,283.27,1221.67
2000-10-01,1894.37,60.89,84.71,10.41,128.22,279.87,1091.61
2000-11-01,1795.6,63.98,88.94,9.51,127.73,267.66,1058.68
2000-12-01,1852.4,65.86,96.22,9.72,128.01,286.88,1059.33
2001-01-01,1787.06,64.18,94.3,10.06,132.84,309.69,1032.7
2001-02-01,1766.13,60.44,92.38,9.36,128.12,323.95,1021.58
2001-03-01,1742.16,54.56,91.01,8.72,130.28,315.36,1005.62
2001-04-01,1665.97,51.16,87.55,8.05,129.3,327.52,970.14
2001-05-01,1684.85,49.97,85.08,8.96,135,325.69,937.96
2001-06-01,1610.47,47.46,83.16,8.74,127.23,326.92,896.93
2001-07-01,1526.77,45.55,90.75,8.54,123.79,328.26,853.3
2001-08-01,1466.41,43.33,92.88,7.9,121.92,348.94,830.03
2001-09-01,1427.7,41.26,89.74,7.16,122.03,340.53,799.51
2001-10-01,1377.38,37.22,86.27,6.6,123.34,330.29,761.74
2001-11-01,1434.29,37.96,89.88,7.28,125.27,335.91,774.35
2001-12-01,1472.85,42.87,92.31,7.41,122.53,376.13,757.97
2002-01-01,1508.23,43.42,91.97,7.31,125.31,444.11,794.2
2002-02-01,1561.37,42.81,90.73,5.68,123.28,516.35,773.47
2002-03-01,1607.39,42.04,89.86,5.92,122.56,529.16,820
2002-04-01,1588.57,41.38,87.11,5.18,123.72,525.07,807.58
2002-05-01,1597.02,39.89,90.33,5.61,121.46,519.78,768.25
2002-06-01,1650.59,43.48,93.17,5.25,132.03,548.84,769.42
2002-07-01,1588.28,46.7,99.7,5.79,149.3,539.68,795.01
2002-08-01,1482.92,49.32,109.89,5.86,161.26,534.99,748.81
2002-09-01,1478.93,48.98,113.94,6.41,187.84,584.34,756.18
2002-10-01,1486.17,49.56,109.65,7.02,190.32,664.34,755.09
2002-11-01,1581.04,52.33,108.65,7.3,176.26,691.81,764.57
2002-12-01,1592.96,55.22,107.01,7.51,168.98,689.34,794.26
2003-01-01,1650.31,56.71,105.75,7.89,149.6,725.81,782.34
2003-02-01,1682.15,58.55,106.04,8.35,150.84,734.89,785.67
2003-03-01,1655.69,61.01,105.06,7.84,141.81,681.58,790.33
2003-04-01,1587.87,60.78,105.25,7.26,138.62,685.72,756.75
2003-05-01,1651.1,57.8,107.82,7.01,141.96,633.01,776.12
2003-06-01,1685.11,58.5,106.99,6.4,131.35,680.28,790.66
2003-07-01,1712.83,60.19,97.61,6.73,131.62,684.95,828.5
2003-08-01,1756.73,60.5,100.31,6.71,148.72,653.47,815.2
2003-09-01,1789.67,64.18,103.22,6.27,145.62,647.28,818.94
2003-10-01,1925.58,72.56,104.17,6.1,147.46,602.73,900.1
2003-11-01,2053.28,76.94,108.03,6.19,160.55,589.76,914.24
